-- =========================
-- DDL (criação das tabelas)
-- =========================
-- Drop opcional (se precisar reexecutar)
-- DROP TABLE TB_PEDIDO_PRODUTO PURGE;
-- DROP TABLE TB_PEDIDO PURGE;
-- DROP TABLE TB_PRODUTO PURGE;
-- DROP TABLE TB_CATEGORIA PURGE;
-- DROP TABLE TB_CLIENTE PURGE;
-- DROP TABLE TB_ENDERECO PURGE;
-- DROP TABLE TB_CIDADE PURGE;
-- DROP TABLE TB_ESTADO PURGE;

CREATE TABLE TB_ESTADO (
  CD_ESTADO    INT         PRIMARY KEY,
  SG_ESTADO    VARCHAR2(2)  NOT NULL,
  NM_ESTADO    VARCHAR2(60) NOT NULL
);

CREATE TABLE TB_CIDADE (
  CD_CIDADE  INT           PRIMARY KEY,
  NM_CIDADE  VARCHAR2(100) NOT NULL,
  CD_ESTADO  INT           NOT NULL,
  CONSTRAINT FK_CIDADE_ESTADO FOREIGN KEY (CD_ESTADO) REFERENCES TB_ESTADO(CD_ESTADO)
);

CREATE TABLE TB_ENDERECO (
  CD_ENDERECO     INT            PRIMARY KEY,
  DS_LOGRADOURO   VARCHAR2(120)  NOT NULL,
  NR_LOGRADOURO   VARCHAR2(10)   NOT NULL,
  DS_COMPLEMENTO  VARCHAR2(60),
  NR_CEP          VARCHAR2(8)    NOT NULL,
  DS_BAIRRO       VARCHAR2(60)   NOT NULL,
  CD_CIDADE       INT            NOT NULL,
  CONSTRAINT FK_ENDERECO_CIDADE FOREIGN KEY (CD_CIDADE) REFERENCES TB_CIDADE(CD_CIDADE)
);

CREATE TABLE TB_CLIENTE (
  CD_CLIENTE    INT            PRIMARY KEY,
  NM_CLIENTE    VARCHAR2(120)  NOT NULL,
  DS_EMAIL      VARCHAR2(120)  NOT NULL,
  NR_TELEFONE   VARCHAR2(20)   NOT NULL,
  NR_CPF        VARCHAR2(11)   NOT NULL,
  DT_NASCIMENTO DATE           NOT NULL,
  CD_ENDERECO   INT            NOT NULL,
  CONSTRAINT FK_CLIENTE_ENDERECO FOREIGN KEY (CD_ENDERECO) REFERENCES TB_ENDERECO(CD_ENDERECO)
);

CREATE TABLE TB_CATEGORIA (
  CD_CATEGORIA  INT           PRIMARY KEY,
  NM_CATEGORIA  VARCHAR2(80)  NOT NULL,
  DS_CATEGORIA  VARCHAR2(200)
);

CREATE TABLE TB_PRODUTO (
  CD_PRODUTO   INT            PRIMARY KEY,
  NM_PRODUTO   VARCHAR2(150)  NOT NULL,
  DS_PRODUTO   VARCHAR2(300),
  VL_PRECO     DECIMAL(12,2)  NOT NULL,
  QT_ESTOQUE   INT            NOT NULL,
  CD_CATEGORIA INT            NOT NULL,
  CONSTRAINT FK_PRODUTO_CATEGORIA FOREIGN KEY (CD_CATEGORIA) REFERENCES TB_CATEGORIA(CD_CATEGORIA)
);

CREATE TABLE TB_PEDIDO (
  CD_PEDIDO   INT            PRIMARY KEY,
  DT_PEDIDO   DATE           NOT NULL,
  VL_TOTAL    DECIMAL(12,2)  NOT NULL,
  ST_PEDIDO   VARCHAR2(20)   NOT NULL,
  CD_CLIENTE  INT            NOT NULL,
  CONSTRAINT FK_PEDIDO_CLIENTE FOREIGN KEY (CD_CLIENTE) REFERENCES TB_CLIENTE(CD_CLIENTE)
);

CREATE TABLE TB_PEDIDO_PRODUTO (
  CD_PEDIDO    INT           NOT NULL,
  CD_PRODUTO   INT           NOT NULL,
  QT_PRODUTO   INT           NOT NULL,
  VL_UNITARIO  DECIMAL(12,2) NOT NULL,
  VL_SUBTOTAL  DECIMAL(12,2) NOT NULL,
  CONSTRAINT PK_PEDIDO_PRODUTO PRIMARY KEY (CD_PEDIDO, CD_PRODUTO),
  CONSTRAINT FK_PP_PEDIDO  FOREIGN KEY (CD_PEDIDO)  REFERENCES TB_PEDIDO(CD_PEDIDO),
  CONSTRAINT FK_PP_PRODUTO FOREIGN KEY (CD_PRODUTO) REFERENCES TB_PRODUTO(CD_PRODUTO)
);

-- =========================
-- DML (seu conteúdo)
-- =========================

-- ESTADO
INSERT INTO TB_ESTADO (CD_ESTADO, SG_ESTADO, NM_ESTADO) VALUES (1, 'SP', 'São Paulo');
INSERT INTO TB_ESTADO (CD_ESTADO, SG_ESTADO, NM_ESTADO) VALUES (2, 'RJ', 'Rio de Janeiro');
INSERT INTO TB_ESTADO (CD_ESTADO, SG_ESTADO, NM_ESTADO) VALUES (3, 'MG', 'Minas Gerais');
INSERT INTO TB_ESTADO (CD_ESTADO, SG_ESTADO, NM_ESTADO) VALUES (4, 'RS', 'Rio Grande do Sul');
INSERT INTO TB_ESTADO (CD_ESTADO, SG_ESTADO, NM_ESTADO) VALUES (5, 'PR', 'Paraná');
INSERT INTO TB_ESTADO (CD_ESTADO, SG_ESTADO, NM_ESTADO) VALUES (6, 'SC', 'Santa Catarina');
INSERT INTO TB_ESTADO (CD_ESTADO, SG_ESTADO, NM_ESTADO) VALUES (7, 'BA', 'Bahia');
INSERT INTO TB_ESTADO (CD_ESTADO, SG_ESTADO, NM_ESTADO) VALUES (8, 'PE', 'Pernambuco');
INSERT INTO TB_ESTADO (CD_ESTADO, SG_ESTADO, NM_ESTADO) VALUES (9, 'CE', 'Ceará');
INSERT INTO TB_ESTADO (CD_ESTADO, SG_ESTADO, NM_ESTADO) VALUES (10, 'DF', 'Distrito Federal');
COMMIT;

-- CIDADE
INSERT INTO TB_CIDADE (CD_CIDADE, NM_CIDADE, CD_ESTADO) VALUES (1, 'São Paulo', 1);
INSERT INTO TB_CIDADE (CD_CIDADE, NM_CIDADE, CD_ESTADO) VALUES (2, 'Campinas', 1);
INSERT INTO TB_CIDADE (CD_CIDADE, NM_CIDADE, CD_ESTADO) VALUES (3, 'Santos', 1);
INSERT INTO TB_CIDADE (CD_CIDADE, NM_CIDADE, CD_ESTADO) VALUES (4, 'Rio de Janeiro', 2);
INSERT INTO TB_CIDADE (CD_CIDADE, NM_CIDADE, CD_ESTADO) VALUES (5, 'Niterói', 2);
INSERT INTO TB_CIDADE (CD_CIDADE, NM_CIDADE, CD_ESTADO) VALUES (6, 'Belo Horizonte', 3);
INSERT INTO TB_CIDADE (CD_CIDADE, NM_CIDADE, CD_ESTADO) VALUES (7, 'Uberlândia', 3);
INSERT INTO TB_CIDADE (CD_CIDADE, NM_CIDADE, CD_ESTADO) VALUES (8, 'Porto Alegre', 4);
INSERT INTO TB_CIDADE (CD_CIDADE, NM_CIDADE, CD_ESTADO) VALUES (9, 'Curitiba', 5);
INSERT INTO TB_CIDADE (CD_CIDADE, NM_CIDADE, CD_ESTADO) VALUES (10, 'Florianópolis', 6);
INSERT INTO TB_CIDADE (CD_CIDADE, NM_CIDADE, CD_ESTADO) VALUES (11, 'Salvador', 7);
INSERT INTO TB_CIDADE (CD_CIDADE, NM_CIDADE, CD_ESTADO) VALUES (12, 'Recife', 8);
COMMIT;

-- ENDERECO
INSERT INTO TB_ENDERECO (CD_ENDERECO, DS_LOGRADOURO, NR_LOGRADOURO, DS_COMPLEMENTO, NR_CEP, DS_BAIRRO, CD_CIDADE) VALUES (1, 'Rua Paulista', '1578', 'Apto 102', '01310100', 'Bela Vista', 1);
INSERT INTO TB_ENDERECO (CD_ENDERECO, DS_LOGRADOURO, NR_LOGRADOURO, DS_COMPLEMENTO, NR_CEP, DS_BAIRRO, CD_CIDADE) VALUES (2, 'Avenida Brasil', '2500', 'Casa', '13070178', 'Centro', 2);
INSERT INTO TB_ENDERECO (CD_ENDERECO, DS_LOGRADOURO, NR_LOGRADOURO, DS_COMPLEMENTO, NR_CEP, DS_BAIRRO, CD_CIDADE) VALUES (3, 'Rua das Flores', '789', 'Apto 501', '11050201', 'Gonzaga', 3);
INSERT INTO TB_ENDERECO (CD_ENDERECO, DS_LOGRADOURO, NR_LOGRADOURO, DS_COMPLEMENTO, NR_CEP, DS_BAIRRO, CD_CIDADE) VALUES (4, 'Avenida Atlântica', '3200', 'Cobertura', '22070000', 'Copacabana', 4);
INSERT INTO TB_ENDERECO (CD_ENDERECO, DS_LOGRADOURO, NR_LOGRADOURO, DS_COMPLEMENTO, NR_CEP, DS_BAIRRO, CD_CIDADE) VALUES (5, 'Rua São Pedro', '456', 'Bloco B', '24020050', 'Centro', 5);
INSERT INTO TB_ENDERECO (CD_ENDERECO, DS_LOGRADOURO, NR_LOGRADOURO, DS_COMPLEMENTO, NR_CEP, DS_BAIRRO, CD_CIDADE) VALUES (6, 'Avenida Afonso Pena', '1500', 'Sala 301', '30130002', 'Centro', 6);
INSERT INTO TB_ENDERECO (CD_ENDERECO, DS_LOGRADOURO, NR_LOGRADOURO, DS_COMPLEMENTO, NR_CEP, DS_BAIRRO, CD_CIDADE) VALUES (7, 'Rua Independência', '890', 'Casa 2', '90040070', 'Independência', 8);
INSERT INTO TB_ENDERECO (CD_ENDERECO, DS_LOGRADOURO, NR_LOGRADOURO, DS_COMPLEMENTO, NR_CEP, DS_BAIRRO, CD_CIDADE) VALUES (8, 'Avenida Sete de Setembro', '2100', 'Apto 804', '80060000', 'Centro', 9);
INSERT INTO TB_ENDERECO (CD_ENDERECO, DS_LOGRADOURO, NR_LOGRADOURO, DS_COMPLEMENTO, NR_CEP, DS_BAIRRO, CD_CIDADE) VALUES (9, 'Rua Felipe Schmidt', '300', NULL, '88010001', 'Centro', 10);
INSERT INTO TB_ENDERECO (CD_ENDERECO, DS_LOGRADOURO, NR_LOGRADOURO, DS_COMPLEMENTO, NR_CEP, DS_BAIRRO, CD_CIDADE) VALUES (10, 'Avenida Oceânica', '1800', 'Apto 203', '40140130', 'Ondina', 11);
INSERT INTO TB_ENDERECO (CD_ENDERECO, DS_LOGRADOURO, NR_LOGRADOURO, DS_COMPLEMENTO, NR_CEP, DS_BAIRRO, CD_CIDADE) VALUES (11, 'Rua Barão de Itamaracá', '567', 'Casa', '50020120', 'Santo Antônio', 12);
INSERT INTO TB_ENDERECO (CD_ENDERECO, DS_LOGRADOURO, NR_LOGRADOURO, DS_COMPLEMENTO, NR_CEP, DS_BAIRRO, CD_CIDADE) VALUES (12, 'Avenida Ipiranga', '9500', 'Bloco C Apto 701', '01046010', 'República', 1);
COMMIT;

-- CLIENTE
INSERT INTO TB_CLIENTE (CD_CLIENTE, NM_CLIENTE, DS_EMAIL, NR_TELEFONE, NR_CPF, DT_NASCIMENTO, CD_ENDERECO) VALUES (1,'Ana Paula Silva','ana.silva@email.com','11987654321','12345678901',TO_DATE('15/03/1990','DD/MM/YYYY'),1);
INSERT INTO TB_CLIENTE (CD_CLIENTE, NM_CLIENTE, DS_EMAIL, NR_TELEFONE, NR_CPF, DT_NASCIMENTO, CD_ENDERECO) VALUES (2,'Carlos Eduardo Santos','carlos.santos@email.com','19976543210','23456789012',TO_DATE('22/07/1985','DD/MM/YYYY'),2);
INSERT INTO TB_CLIENTE (CD_CLIENTE, NM_CLIENTE, DS_EMAIL, NR_TELEFONE, NR_CPF, DT_NASCIMENTO, CD_ENDERECO) VALUES (3,'Mariana Costa Oliveira','mariana.oliveira@email.com','13965432109','34567890123',TO_DATE('10/11/1992','DD/MM/YYYY'),3);
INSERT INTO TB_CLIENTE (CD_CLIENTE, NM_CLIENTE, DS_EMAIL, NR_TELEFONE, NR_CPF, DT_NASCIMENTO, CD_ENDERECO) VALUES (4,'Ricardo Almeida Ferreira','ricardo.ferreira@email.com','21954321098','45678901234',TO_DATE('05/02/1988','DD/MM/YYYY'),4);
INSERT INTO TB_CLIENTE (CD_CLIENTE, NM_CLIENTE, DS_EMAIL, NR_TELEFONE, NR_CPF, DT_NASCIMENTO, CD_ENDERECO) VALUES (5,'Juliana Rodrigues Lima','juliana.lima@email.com','21943210987','56789012345',TO_DATE('18/09/1995','DD/MM/YYYY'),5);
INSERT INTO TB_CLIENTE (CD_CLIENTE, NM_CLIENTE, DS_EMAIL, NR_TELEFONE, NR_CPF, DT_NASCIMENTO, CD_ENDERECO) VALUES (6,'Fernando Henrique Souza','fernando.souza@email.com','31932109876','67890123456',TO_DATE('30/04/1987','DD/MM/YYYY'),6);
INSERT INTO TB_CLIENTE (CD_CLIENTE, NM_CLIENTE, DS_EMAIL, NR_TELEFONE, NR_CPF, DT_NASCIMENTO, CD_ENDERECO) VALUES (7,'Patricia Mendes Barbosa','patricia.barbosa@email.com','51921098765','78901234567',TO_DATE('12/06/1991','DD/MM/YYYY'),7);
INSERT INTO TB_CLIENTE (CD_CLIENTE, NM_CLIENTE, DS_EMAIL, NR_TELEFONE, NR_CPF, DT_NASCIMENTO, CD_ENDERECO) VALUES (8,'Bruno Martins Rocha','bruno.rocha@email.com','41910987654','89012345678',TO_DATE('25/01/1989','DD/MM/YYYY'),8);
INSERT INTO TB_CLIENTE (CD_CLIENTE, NM_CLIENTE, DS_EMAIL, NR_TELEFONE, NR_CPF, DT_NASCIMENTO, CD_ENDERECO) VALUES (9,'Camila Fernandes Dias','camila.dias@email.com','48909876543','90123456789',TO_DATE('08/12/1993','DD/MM/YYYY'),9);
INSERT INTO TB_CLIENTE (CD_CLIENTE, NM_CLIENTE, DS_EMAIL, NR_TELEFONE, NR_CPF, DT_NASCIMENTO, CD_ENDERECO) VALUES (10,'Rafael Gomes Pereira','rafael.pereira@email.com','71898765432','01234567890',TO_DATE('14/08/1986','DD/MM/YYYY'),10);
INSERT INTO TB_CLIENTE (CD_CLIENTE, NM_CLIENTE, DS_EMAIL, NR_TELEFONE, NR_CPF, DT_NASCIMENTO, CD_ENDERECO) VALUES (11,'Larissa Cardoso Araujo','larissa.araujo@email.com','81887654321','11234567891',TO_DATE('03/05/1994','DD/MM/YYYY'),11);
INSERT INTO TB_CLIENTE (CD_CLIENTE, NM_CLIENTE, DS_EMAIL, NR_TELEFONE, NR_CPF, DT_NASCIMENTO, CD_ENDERECO) VALUES (12,'Gustavo Silva Carvalho','gustavo.carvalho@email.com','11876543210','22345678902',TO_DATE('27/10/1990','DD/MM/YYYY'),12);
COMMIT;

-- CATEGORIA
INSERT INTO TB_CATEGORIA (CD_CATEGORIA,NM_CATEGORIA,DS_CATEGORIA) VALUES (1,'Eletrônicos','Produtos eletrônicos e tecnologia em geral');
INSERT INTO TB_CATEGORIA (CD_CATEGORIA,NM_CATEGORIA,DS_CATEGORIA) VALUES (2,'Livros','Livros de diversos gêneros e categorias');
INSERT INTO TB_CATEGORIA (CD_CATEGORIA,NM_CATEGORIA,DS_CATEGORIA) VALUES (3,'Roupas','Vestuário masculino, feminino e infantil');
INSERT INTO TB_CATEGORIA (CD_CATEGORIA,NM_CATEGORIA,DS_CATEGORIA) VALUES (4,'Alimentos','Produtos alimentícios e bebidas');
INSERT INTO TB_CATEGORIA (CD_CATEGORIA,NM_CATEGORIA,DS_CATEGORIA) VALUES (5,'Móveis','Móveis para casa e escritório');
INSERT INTO TB_CATEGORIA (CD_CATEGORIA,NM_CATEGORIA,DS_CATEGORIA) VALUES (6,'Esportes','Artigos esportivos e equipamentos fitness');
INSERT INTO TB_CATEGORIA (CD_CATEGORIA,NM_CATEGORIA,DS_CATEGORIA) VALUES (7,'Beleza','Produtos de beleza e cuidados pessoais');
INSERT INTO TB_CATEGORIA (CD_CATEGORIA,NM_CATEGORIA,DS_CATEGORIA) VALUES (8,'Brinquedos','Brinquedos e jogos para todas as idades');
INSERT INTO TB_CATEGORIA (CD_CATEGORIA,NM_CATEGORIA,DS_CATEGORIA) VALUES (9,'Automotivo','Peças e acessórios para veículos');
INSERT INTO TB_CATEGORIA (CD_CATEGORIA,NM_CATEGORIA,DS_CATEGORIA) VALUES (10,'Jardim','Produtos para jardinagem e área externa');
COMMIT;

-- PRODUTO
INSERT INTO TB_PRODUTO (CD_PRODUTO,NM_PRODUTO,DS_PRODUTO,VL_PRECO,QT_ESTOQUE,CD_CATEGORIA) VALUES (1,'Smartphone Samsung Galaxy S24','Smartphone 5G com 256GB e câmera de 50MP',3499.00,45,1);
INSERT INTO TB_PRODUTO (CD_PRODUTO,NM_PRODUTO,DS_PRODUTO,VL_PRECO,QT_ESTOQUE,CD_CATEGORIA) VALUES (2,'Notebook Dell Inspiron 15','Notebook Intel Core i7, 16GB RAM, SSD 512GB',4299.00,30,1);
INSERT INTO TB_PRODUTO (CD_PRODUTO,NM_PRODUTO,DS_PRODUTO,VL_PRECO,QT_ESTOQUE,CD_CATEGORIA) VALUES (3,'O Senhor dos Anéis - Coleção','Box completo com os três volumes',129.90,85,2);
INSERT INTO TB_PRODUTO (CD_PRODUTO,NM_PRODUTO,DS_PRODUTO,VL_PRECO,QT_ESTOQUE,CD_CATEGORIA) VALUES (4,'Camiseta Nike Dri-Fit','Camiseta esportiva de alta performance',159.90,120,3);
INSERT INTO TB_PRODUTO (CD_PRODUTO,NM_PRODUTO,DS_PRODUTO,VL_PRECO,QT_ESTOQUE,CD_CATEGORIA) VALUES (5,'Café Premium Pilão 500g','Café torrado e moído de qualidade superior',22.90,200,4);
INSERT INTO TB_PRODUTO (CD_PRODUTO,NM_PRODUTO,DS_PRODUTO,VL_PRECO,QT_ESTOQUE,CD_CATEGORIA) VALUES (6,'Sofá Retrátil 3 Lugares','Sofá confortável com tecido suede',1899.00,15,5);
INSERT INTO TB_PRODUTO (CD_PRODUTO,NM_PRODUTO,DS_PRODUTO,VL_PRECO,QT_ESTOQUE,CD_CATEGORIA) VALUES (7,'Bicicleta Mountain Bike Caloi','Bike aro 29 com 21 marchas',1650.00,25,6);
INSERT INTO TB_PRODUTO (CD_PRODUTO,NM_PRODUTO,DS_PRODUTO,VL_PRECO,QT_ESTOQUE,CD_CATEGORIA) VALUES (8,'Shampoo Pantene 400ml','Shampoo para cabelos danificados',18.90,180,7);
INSERT INTO TB_PRODUTO (CD_PRODUTO,NM_PRODUTO,DS_PRODUTO,VL_PRECO,QT_ESTOQUE,CD_CATEGORIA) VALUES (9,'LEGO Star Wars Millennium Falcon','Set de construção com 1351 peças',899.00,35,8);
INSERT INTO TB_PRODUTO (CD_PRODUTO,NM_PRODUTO,DS_PRODUTO,VL_PRECO,QT_ESTOQUE,CD_CATEGORIA) VALUES (10,'Pneu Pirelli Scorpion 205/55R16','Pneu para carros de passeio',389.90,60,9);
INSERT INTO TB_PRODUTO (CD_PRODUTO,NM_PRODUTO,DS_PRODUTO,VL_PRECO,QT_ESTOQUE,CD_CATEGORIA) VALUES (11,'Cortador de Grama Tramontina','Cortador elétrico 1200W',549.00,20,10);
INSERT INTO TB_PRODUTO (CD_PRODUTO,NM_PRODUTO,DS_PRODUTO,VL_PRECO,QT_ESTOQUE,CD_CATEGORIA) VALUES (12,'Smart TV LG 55 polegadas','TV 4K UHD com ThinQ AI',2799.00,40,1);
INSERT INTO TB_PRODUTO (CD_PRODUTO,NM_PRODUTO,DS_PRODUTO,VL_PRECO,QT_ESTOQUE,CD_CATEGORIA) VALUES (13,'Harry Potter - Box Completo','Coleção completa com 7 livros',189.90,95,2);
INSERT INTO TB_PRODUTO (CD_PRODUTO,NM_PRODUTO,DS_PRODUTO,VL_PRECO,QT_ESTOQUE,CD_CATEGORIA) VALUES (14,'Tênis Adidas Ultraboost','Tênis de corrida com tecnologia Boost',699.90,70,6);
COMMIT;

-- PEDIDO
INSERT INTO TB_PEDIDO (CD_PEDIDO, DT_PEDIDO, VL_TOTAL, ST_PEDIDO, CD_CLIENTE) VALUES (1, TO_DATE('15/01/2025','DD/MM/YYYY'), 3628.90, 'Entregue', 1);
INSERT INTO TB_PEDIDO (CD_PEDIDO, DT_PEDIDO, VL_TOTAL, ST_PEDIDO, CD_CLIENTE) VALUES (2, TO_DATE('18/01/2025','DD/MM/YYYY'), 4428.90, 'Entregue', 2);
INSERT INTO TB_PEDIDO (CD_PEDIDO, DT_PEDIDO, VL_TOTAL, ST_PEDIDO, CD_CLIENTE) VALUES (3, TO_DATE('22/01/2025','DD/MM/YYYY'), 1809.80, 'Em Trânsito', 3);
INSERT INTO TB_PEDIDO (CD_PEDIDO, DT_PEDIDO, VL_TOTAL, ST_PEDIDO, CD_CLIENTE) VALUES (4, TO_DATE('25/01/2025','DD/MM/YYYY'), 5098.00, 'Processando', 4);
INSERT INTO TB_PEDIDO (CD_PEDIDO, DT_PEDIDO, VL_TOTAL, ST_PEDIDO, CD_CLIENTE) VALUES (5, TO_DATE('28/01/2025','DD/MM/YYYY'), 2348.90, 'Entregue', 5);
INSERT INTO TB_PEDIDO (CD_PEDIDO, DT_PEDIDO, VL_TOTAL, ST_PEDIDO, CD_CLIENTE) VALUES (6, TO_DATE('02/02/2025','DD/MM/YYYY'), 179.80, 'Entregue', 6);
INSERT INTO TB_PEDIDO (CD_PEDIDO, DT_PEDIDO, VL_TOTAL, ST_PEDIDO, CD_CLIENTE) VALUES (7, TO_DATE('05/02/2025','DD/MM/YYYY'), 1779.80, 'Em Trânsito', 7);
INSERT INTO TB_PEDIDO (CD_PEDIDO, DT_PEDIDO, VL_TOTAL, ST_PEDIDO, CD_CLIENTE) VALUES (8, TO_DATE('10/02/2025','DD/MM/YYYY'), 6297.00, 'Entregue', 8);
INSERT INTO TB_PEDIDO (CD_PEDIDO, DT_PEDIDO, VL_TOTAL, ST_PEDIDO, CD_CLIENTE) VALUES (9, TO_DATE('15/02/2025','DD/MM/YYYY'), 899.00, 'Processando', 9);
INSERT INTO TB_PEDIDO (CD_PEDIDO, DT_PEDIDO, VL_TOTAL, ST_PEDIDO, CD_CLIENTE) VALUES (10, TO_DATE('18/02/2025','DD/MM/YYYY'), 1268.80, 'Entregue', 10);
INSERT INTO TB_PEDIDO (CD_PEDIDO, DT_PEDIDO, VL_TOTAL, ST_PEDIDO, CD_CLIENTE) VALUES (11, TO_DATE('22/02/2025','DD/MM/YYYY'), 3678.90, 'Em Trânsito', 11);
INSERT INTO TB_PEDIDO (CD_PEDIDO, DT_PEDIDO, VL_TOTAL, ST_PEDIDO, CD_CLIENTE) VALUES (12, TO_DATE('25/02/2025','DD/MM/YYYY'), 4948.00, 'Processando', 12);
COMMIT;

-- PEDIDO_PRODUTO (20+ linhas)
INSERT INTO TB_PEDIDO_PRODUTO VALUES (1, 1, 1, 3499.00, 3499.00);
INSERT INTO TB_PEDIDO_PRODUTO VALUES (1, 3, 1, 129.90, 129.90);

INSERT INTO TB_PEDIDO_PRODUTO VALUES (2, 2, 1, 4299.00, 4299.00);
INSERT INTO TB_PEDIDO_PRODUTO VALUES (2, 3, 1, 129.90, 129.90);

INSERT INTO TB_PEDIDO_PRODUTO VALUES (3, 6, 1, 1899.00, 1899.00);
INSERT INTO TB_PEDIDO_PRODUTO VALUES (3, 5, 4, 22.90, 91.60);

INSERT INTO TB_PEDIDO_PRODUTO VALUES (4, 12, 1, 2799.00, 2799.00);
INSERT INTO TB_PEDIDO_PRODUTO VALUES (4, 2, 1, 4299.00, 4299.00);

INSERT INTO TB_PEDIDO_PRODUTO VALUES (5, 7, 1, 1650.00, 1650.00);
INSERT INTO TB_PEDIDO_PRODUTO VALUES (5, 14, 1, 699.90, 699.90);

INSERT INTO TB_PEDIDO_PRODUTO VALUES (6, 4, 1, 159.90, 159.90);
INSERT INTO TB_PEDIDO_PRODUTO VALUES (6, 8, 1, 18.90, 18.90);

INSERT INTO TB_PEDIDO_PRODUTO VALUES (7, 7, 1, 1650.00, 1650.00);
INSERT INTO TB_PEDIDO_PRODUTO VALUES (7, 3, 1, 129.90, 129.90);

INSERT INTO TB_PEDIDO_PRODUTO VALUES (8, 1, 1, 3499.00, 3499.00);
INSERT INTO TB_PEDIDO_PRODUTO VALUES (8, 12, 1, 2799.00, 2799.00);

INSERT INTO TB_PEDIDO_PRODUTO VALUES (9, 9, 1, 899.00, 899.00);

INSERT INTO TB_PEDIDO_PRODUTO VALUES (10, 10, 2, 389.90, 779.80);
INSERT INTO TB_PEDIDO_PRODUTO VALUES (10, 13, 1, 189.90, 189.90);
INSERT INTO TB_PEDIDO_PRODUTO VALUES (10, 5, 3, 22.90, 68.70);
INSERT INTO TB_PEDIDO_PRODUTO VALUES (10, 8, 1, 18.90, 18.90);
INSERT INTO TB_PEDIDO_PRODUTO VALUES (10, 4, 2, 159.90, 319.80);

INSERT INTO TB_PEDIDO_PRODUTO VALUES (11, 1, 1, 3499.00, 3499.00);
INSERT INTO TB_PEDIDO_PRODUTO VALUES (11, 13, 1, 189.90, 189.90);

INSERT INTO TB_PEDIDO_PRODUTO VALUES (12, 2, 1, 4299.00, 4299.00);
INSERT INTO TB_PEDIDO_PRODUTO VALUES (12, 7, 1, 1650.00, 1650.00);
COMMIT;

-- =========================
-- CONSULTAS (as suas)
-- =========================

-- 1: Estados
SELECT CD_ESTADO, SG_ESTADO, NM_ESTADO
FROM TB_ESTADO
ORDER BY NM_ESTADO;

-- 2: Cidades + estados
SELECT c.CD_CIDADE, c.NM_CIDADE, e.SG_ESTADO, e.NM_ESTADO
FROM TB_CIDADE c
INNER JOIN TB_ESTADO e ON c.CD_ESTADO = e.CD_ESTADO
ORDER BY e.NM_ESTADO, c.NM_CIDADE;

-- 3: Clientes com endereço completo
SELECT cl.CD_CLIENTE, cl.NM_CLIENTE, cl.DS_EMAIL, cl.NR_TELEFONE, cl.NR_CPF,
       TO_CHAR(cl.DT_NASCIMENTO,'DD/MM/YYYY') AS DT_NASCIMENTO,
       en.DS_LOGRADOURO, en.NR_LOGRADOURO, en.DS_COMPLEMENTO, en.NR_CEP, en.DS_BAIRRO,
       ci.NM_CIDADE, es.SG_ESTADO
FROM TB_CLIENTE cl
JOIN TB_ENDERECO en ON cl.CD_ENDERECO = en.CD_ENDERECO
JOIN TB_CIDADE  ci ON en.CD_CIDADE   = ci.CD_CIDADE
JOIN TB_ESTADO  es ON ci.CD_ESTADO   = es.CD_ESTADO
ORDER BY cl.NM_CLIENTE;

-- 4: Produtos + categorias
SELECT p.CD_PRODUTO, p.NM_PRODUTO, p.DS_PRODUTO,
       TO_CHAR(p.VL_PRECO,'FM999G999G990D00','NLS_NUMERIC_CHARACTERS='',.''') AS VL_PRECO,
       p.QT_ESTOQUE, c.NM_CATEGORIA
FROM TB_PRODUTO p
JOIN TB_CATEGORIA c ON p.CD_CATEGORIA = c.CD_CATEGORIA
ORDER BY c.NM_CATEGORIA, p.NM_PRODUTO;

-- 5: Pedidos + cliente
SELECT pd.CD_PEDIDO,
       TO_CHAR(pd.DT_PEDIDO,'DD/MM/YYYY') AS DT_PEDIDO,
       TO_CHAR(pd.VL_TOTAL,'FM999G999G990D00','NLS_NUMERIC_CHARACTERS='',.''') AS VL_TOTAL,
       pd.ST_PEDIDO, cl.NM_CLIENTE, cl.DS_EMAIL, cl.NR_TELEFONE
FROM TB_PEDIDO pd
JOIN TB_CLIENTE cl ON pd.CD_CLIENTE = cl.CD_CLIENTE
ORDER BY pd.DT_PEDIDO DESC;

-- 6: Detalhes dos pedidos
SELECT pd.CD_PEDIDO,
       TO_CHAR(pd.DT_PEDIDO,'DD/MM/YYYY') AS DT_PEDIDO,
       cl.NM_CLIENTE, pr.NM_PRODUTO, pp.QT_PRODUTO,
       TO_CHAR(pp.VL_UNITARIO,'FM999G999G990D00','NLS_NUMERIC_CHARACTERS='',.''') AS VL_UNITARIO,
       TO_CHAR(pp.VL_SUBTOTAL,'FM999G999G990D00','NLS_NUMERIC_CHARACTERS='',.''') AS VL_SUBTOTAL
FROM TB_PEDIDO pd
JOIN TB_CLIENTE cl ON pd.CD_CLIENTE = cl.CD_CLIENTE
JOIN TB_PEDIDO_PRODUTO pp ON pd.CD_PEDIDO = pp.CD_PEDIDO
JOIN TB_PRODUTO pr ON pp.CD_PRODUTO = pr.CD_PRODUTO
ORDER BY pd.CD_PEDIDO, pr.NM_PRODUTO;

-- 7: Total de vendas por categoria
SELECT c.NM_CATEGORIA,
       COUNT(DISTINCT pp.CD_PEDIDO) AS QT_PEDIDOS,
       SUM(pp.QT_PRODUTO) AS QT_PRODUTOS_VENDIDOS,
       TO_CHAR(SUM(pp.VL_SUBTOTAL),'FM999G999G990D00','NLS_NUMERIC_CHARACTERS='',.''') AS VL_TOTAL_VENDAS
FROM TB_CATEGORIA c
JOIN TB_PRODUTO p ON c.CD_CATEGORIA = p.CD_CATEGORIA
JOIN TB_PEDIDO_PRODUTO pp ON p.CD_PRODUTO = pp.CD_PRODUTO
GROUP BY c.NM_CATEGORIA
ORDER BY SUM(pp.VL_SUBTOTAL) DESC;

-- 8: Top 5 produtos mais vendidos
SELECT p.NM_PRODUTO, c.NM_CATEGORIA,
       SUM(pp.QT_PRODUTO) AS QT_TOTAL_VENDIDA,
       TO_CHAR(SUM(pp.VL_SUBTOTAL),'FM999G999G990D00','NLS_NUMERIC_CHARACTERS='',.''') AS VL_TOTAL_VENDAS
FROM TB_PRODUTO p
JOIN TB_CATEGORIA c ON p.CD_CATEGORIA = c.CD_CATEGORIA
JOIN TB_PEDIDO_PRODUTO pp ON p.CD_PRODUTO = pp.CD_PRODUTO
GROUP BY p.NM_PRODUTO, c.NM_CATEGORIA
ORDER BY SUM(pp.QT_PRODUTO) DESC
FETCH FIRST 5 ROWS ONLY;

-- 9: Clientes que mais compraram
SELECT cl.NM_CLIENTE, cl.DS_EMAIL, ci.NM_CIDADE, es.SG_ESTADO,
       COUNT(pd.CD_PEDIDO) AS QT_PEDIDOS,
       TO_CHAR(SUM(pd.VL_TOTAL),'FM999G999G990D00','NLS_NUMERIC_CHARACTERS='',.''') AS VL_TOTAL_COMPRAS
FROM TB_CLIENTE cl
JOIN TB_PEDIDO pd ON cl.CD_CLIENTE = pd.CD_CLIENTE
JOIN TB_ENDERECO en ON cl.CD_ENDERECO = en.CD_ENDERECO
JOIN TB_CIDADE ci ON en.CD_CIDADE = ci.CD_CIDADE
JOIN TB_ESTADO es ON ci.CD_ESTADO = es.CD_ESTADO
GROUP BY cl.NM_CLIENTE, cl.DS_EMAIL, ci.NM_CIDADE, es.SG_ESTADO
ORDER BY SUM(pd.VL_TOTAL) DESC;

-- 10: Produtos com estoque baixo (<50)
SELECT p.CD_PRODUTO, p.NM_PRODUTO, p.QT_ESTOQUE, c.NM_CATEGORIA,
       TO_CHAR(p.VL_PRECO,'FM999G999G990D00','NLS_NUMERIC_CHARACTERS='',.''') AS VL_PRECO
FROM TB_PRODUTO p
JOIN TB_CATEGORIA c ON p.CD_CATEGORIA = c.CD_CATEGORIA
WHERE p.QT_ESTOQUE < 50
ORDER BY p.QT_ESTOQUE ASC;

-- 11: Pedidos por status
SELECT ST_PEDIDO,
       COUNT(*) AS QT_PEDIDOS,
       TO_CHAR(SUM(VL_TOTAL),'FM999G999G990D00','NLS_NUMERIC_CHARACTERS='',.''') AS VL_TOTAL
FROM TB_PEDIDO
GROUP BY ST_PEDIDO
ORDER BY COUNT(*) DESC;

-- 12: Vendas por estado
SELECT es.NM_ESTADO, es.SG_ESTADO,
       COUNT(DISTINCT cl.CD_CLIENTE) AS QT_CLIENTES,
       COUNT(pd.CD_PEDIDO) AS QT_PEDIDOS,
       TO_CHAR(SUM(pd.VL_TOTAL),'FM999G999G990D00','NLS_NUMERIC_CHARACTERS='',.''') AS VL_TOTAL_VENDAS
FROM TB_ESTADO es
JOIN TB_CIDADE ci ON es.CD_ESTADO = ci.CD_ESTADO
JOIN TB_ENDERECO en ON ci.CD_CIDADE = en.CD_CIDADE
JOIN TB_CLIENTE cl ON en.CD_ENDERECO = cl.CD_ENDERECO
JOIN TB_PEDIDO pd ON cl.CD_CLIENTE = pd.CD_CLIENTE
GROUP BY es.NM_ESTADO, es.SG_ESTADO
ORDER BY SUM(pd.VL_TOTAL) DESC;

-- 13: Média de idade dos clientes
SELECT ROUND(AVG(MONTHS_BETWEEN(SYSDATE, DT_NASCIMENTO) / 12), 2) AS MEDIA_IDADE,
       MIN(MONTHS_BETWEEN(SYSDATE, DT_NASCIMENTO) / 12) AS IDADE_MINIMA,
       MAX(MONTHS_BETWEEN(SYSDATE, DT_NASCIMENTO) / 12) AS IDADE_MAXIMA
FROM TB_CLIENTE;

-- 14: Ticket médio por pedido
SELECT TO_CHAR(AVG(VL_TOTAL),'FM999G999G990D00','NLS_NUMERIC_CHARACTERS='',.''') AS TICKET_MEDIO,
       TO_CHAR(MIN(VL_TOTAL),'FM999G999G990D00','NLS_NUMERIC_CHARACTERS='',.''') AS MENOR_PEDIDO,
       TO_CHAR(MAX(VL_TOTAL),'FM999G999G990D00','NLS_NUMERIC_CHARACTERS='',.''') AS MAIOR_PEDIDO
FROM TB_PEDIDO;

-- 15: Produtos nunca vendidos
SELECT p.CD_PRODUTO, p.NM_PRODUTO, c.NM_CATEGORIA, p.QT_ESTOQUE,
       TO_CHAR(p.VL_PRECO,'FM999G999G990D00','NLS_NUMERIC_CHARACTERS='',.''') AS VL_PRECO
FROM TB_PRODUTO p
JOIN TB_CATEGORIA c ON p.CD_CATEGORIA = c.CD_CATEGORIA
LEFT JOIN TB_PEDIDO_PRODUTO pp ON p.CD_PRODUTO = pp.CD_PRODUTO
WHERE pp.CD_PRODUTO IS NULL
ORDER BY p.NM_PRODUTO;
